ms_dry_mass_kg,mission_days
500,295.2190679213699
501,295.2190679213699
502,295.2190679213699
503,295.2190679213699
504,295.2190679213699
505,295.2190679213699
506,295.2190679213699
507,295.2190679213699
508,295.2190679213699
509,295.2190679213699
510,295.2190679213699
511,295.2190679213699
512,295.2190679213699
513,295.2190679213699
514,295.2190679213699
515,295.2190679213699
516,295.2190679213699
517,295.2190679213699
518,295.2190679213699
519,295.2190679213699
520,295.2190679213699
521,295.2190679213699
522,295.2190679213699
523,295.2190679213699
524,295.2190679213699
525,295.2190679213699
526,295.2190679213699
527,295.2190679213699
528,295.2190679213699
529,295.2190679213699
530,296.24176971571546
531,296.24176971571546
532,296.24176971571546
533,296.24176971571546
534,296.24176971571546
535,296.24176971571546
536,296.24176971571546
537,296.24176971571546
538,296.24176971571546
539,296.24176971571546
540,296.24176971571546
541,296.24176971571546
542,296.24176971571546
543,296.24176971571546
544,296.24176971571546
545,296.24176971571546
546,296.24176971571546
547,296.24176971571546
548,296.24176971571546
549,296.24176971571546
550,296.24176971571546
551,296.24176971571546
552,296.24176971571546
553,296.24176971571546
554,296.24176971571546
555,296.24176971571546
556,296.24176971571546
557,296.24176971571546
558,296.24176971571546
559,296.24176971571546
560,296.24176971571546
561,296.24176971571546
562,296.24176971571546
563,296.24176971571546
564,296.24176971571546
565,296.24176971571546
566,296.24176971571546
567,296.24176971571546
568,296.24176971571546
569,296.24176971571546
570,296.24176971571546
571,296.24176971571546
572,296.24176971571546
573,296.24176971571546
574,296.24176971571546
575,296.24176971571546
576,296.24176971571546
577,296.24176971571546
578,296.24176971571546
579,296.24176971571546
580,296.24176971571546
581,296.24176971571546
582,296.24176971571546
583,296.24176971571546
584,296.24176971571546
585,296.24176971571546
586,296.24176971571546
587,296.24176971571546
588,296.24176971571546
589,296.24176971571546
590,296.24176971571546
591,296.24176971571546
592,296.24176971571546
593,296.24176971571546
594,296.24176971571546
595,296.24176971571546
596,296.24176971571546
597,296.24176971571546
598,296.24176971571546
599,296.24176971571546
600,296.24176971571546
601,296.24176971571546
602,296.24176971571546
603,296.24176971571546
604,296.24176971571546
605,296.24176971571546
606,296.24176971571546
607,296.24176971571546
608,296.24176971571546
609,296.24176971571546
610,296.24176971571546
611,296.24176971571546
612,296.24176971571546
613,296.24176971571546
614,296.24176971571546
615,296.24176971571546
616,296.24176971571546
617,296.24176971571546
618,296.24176971571546
619,296.24176971571546
620,296.24176971571546
621,296.24176971571546
622,296.24176971571546
623,296.24176971571546
624,296.24176971571546
625,296.24176971571546
626,296.24176971571546
627,296.24176971571546
628,296.24176971571546
629,296.24176971571546
630,296.24176971571546
631,296.24176971571546
632,296.24176971571546
633,296.24176971571546
634,296.24176971571546
635,296.24176971571546
636,296.24176971571546
637,296.24176971571546
638,296.24176971571546
639,296.24176971571546
640,296.24176971571546
641,296.24176971571546
642,296.24176971571546
643,296.24176971571546
644,296.24176971571546
645,296.24176971571546
646,296.24176971571546
647,296.24176971571546
648,296.24176971571546
649,296.24176971571546
650,296.24176971571546
651,296.24176971571546
652,296.24176971571546
653,296.24176971571546
654,296.24176971571546
655,296.24176971571546
656,296.24176971571546
657,296.24176971571546
658,296.24176971571546
659,296.24176971571546
660,296.24176971571546
661,296.24176971571546
662,296.24176971571546
663,296.24176971571546
664,296.24176971571546
665,296.24176971571546
666,296.24176971571546
667,296.24176971571546
668,296.24176971571546
669,296.24176971571546
670,296.24176971571546
671,296.24176971571546
672,296.24176971571546
673,296.24176971571546
674,296.24176971571546
675,296.24176971571546
676,296.24176971571546
677,296.24176971571546
678,296.24176971571546
679,296.24176971571546
680,296.24176971571546
681,296.24176971571546
682,296.24176971571546
683,296.24176971571546
684,296.24176971571546
685,296.24176971571546
686,296.24176971571546
687,296.24176971571546
688,296.24176971571546
689,296.24176971571546
690,296.24176971571546
691,296.24176971571546
692,296.24176971571546
693,296.24176971571546
694,296.24176971571546
695,296.24176971571546
696,296.24176971571546
697,296.24176971571546
698,296.24176971571546
699,296.24176971571546
700,296.24176971571546
701,296.24176971571546
702,296.24176971571546
703,296.24176971571546
704,296.24176971571546
705,296.24176971571546
706,296.24176971571546
707,296.24176971571546
708,296.24176971571546
709,296.24176971571546
710,296.24176971571546
711,296.24176971571546
712,296.24176971571546
713,296.24176971571546
714,296.24176971571546
715,296.24176971571546
716,296.24176971571546
717,296.24176971571546
718,296.24176971571546
719,296.24176971571546
720,296.24176971571546
721,296.24176971571546
722,296.24176971571546
723,296.24176971571546
724,296.24176971571546
725,296.24176971571546
726,296.24176971571546
727,296.24176971571546
728,296.24176971571546
729,296.24176971571546
730,296.24176971571546
731,296.24176971571546
732,296.24176971571546
733,296.24176971571546
734,296.24176971571546
735,296.24176971571546
736,296.24176971571546
737,296.24176971571546
738,296.24176971571546
739,296.24176971571546
740,296.24176971571546
741,296.24176971571546
742,296.24176971571546
743,296.24176971571546
744,296.24176971571546
745,296.24176971571546
746,296.24176971571546
747,296.24176971571546
748,296.24176971571546
749,296.24176971571546
750,296.24176971571546
751,296.24176971571546
752,296.24176971571546
753,296.24176971571546
754,296.24176971571546
755,296.24176971571546
756,296.24176971571546
757,296.24176971571546
758,296.24176971571546
759,296.24176971571546
760,296.24176971571546
761,296.24176971571546
762,296.24176971571546
763,296.24176971571546
764,296.24176971571546
765,296.24176971571546
766,296.24176971571546
767,296.24176971571546
768,296.24176971571546
769,296.24176971571546
770,296.24176971571546
771,296.24176971571546
772,296.24176971571546
773,296.24176971571546
774,296.24176971571546
775,296.24176971571546
776,296.24176971571546
777,296.24176971571546
778,296.24176971571546
779,296.24176971571546
780,296.24176971571546
781,296.24176971571546
782,296.24176971571546
783,296.24176971571546
784,296.24176971571546
785,296.24176971571546
786,296.24176971571546
787,296.24176971571546
788,296.24176971571546
789,296.24176971571546
790,296.24176971571546
791,296.24176971571546
792,296.24176971571546
793,296.24176971571546
794,296.24176971571546
795,296.24176971571546
796,296.24176971571546
797,296.24176971571546
798,296.24176971571546
799,296.24176971571546
800,296.24176971571546
801,296.24176971571546
802,296.24176971571546
803,296.24176971571546
804,296.24176971571546
805,296.24176971571546
806,296.24176971571546
807,296.24176971571546
808,296.24176971571546
809,296.24176971571546
810,296.24176971571546
811,296.24176971571546
812,296.24176971571546
813,296.24176971571546
814,296.24176971571546
815,296.24176971571546
816,296.24176971571546
817,296.24176971571546
818,296.24176971571546
819,296.24176971571546
820,296.24176971571546
821,296.24176971571546
822,296.24176971571546
823,296.24176971571546
824,296.24176971571546
825,296.24176971571546
826,296.24176971571546
827,296.24176971571546
828,296.24176971571546
829,296.24176971571546
830,296.24176971571546
831,296.24176971571546
832,296.24176971571546
833,296.24176971571546
834,296.24176971571546
835,296.24176971571546
836,296.24176971571546
837,296.24176971571546
838,296.24176971571546
839,296.24176971571546
840,296.24176971571546
841,296.24176971571546
842,296.24176971571546
843,296.24176971571546
844,296.24176971571546
845,296.24176971571546
846,296.24176971571546
847,296.24176971571546
848,296.24176971571546
849,296.24176971571546
850,296.24176971571546
851,296.24176971571546
852,296.24176971571546
853,296.24176971571546
854,296.24176971571546
855,296.24176971571546
856,296.24176971571546
857,296.24176971571546
858,296.24176971571546
859,296.24176971571546
860,296.24176971571546
861,296.24176971571546
862,296.24176971571546
863,296.24176971571546
864,296.24176971571546
865,296.24176971571546
866,296.24176971571546
867,296.24176971571546
868,296.24176971571546
869,296.24176971571546
870,296.24176971571546
871,296.24176971571546
872,296.24176971571546
873,296.24176971571546
874,296.24176971571546
875,296.24176971571546
876,296.24176971571546
877,296.24176971571546
878,296.24176971571546
879,296.24176971571546
880,296.24176971571546
881,296.24176971571546
882,296.24176971571546
883,296.24176971571546
884,296.24176971571546
885,296.24176971571546
886,296.24176971571546
887,296.24176971571546
888,296.24176971571546
889,296.24176971571546
890,296.24176971571546
891,296.24176971571546
892,296.24176971571546
893,296.24176971571546
894,296.24176971571546
895,296.24176971571546
896,296.24176971571546
897,296.24176971571546
898,296.24176971571546
899,296.24176971571546
900,296.24176971571546
901,296.24176971571546
902,296.24176971571546
903,296.24176971571546
904,296.24176971571546
905,296.24176971571546
906,296.24176971571546
907,296.24176971571546
908,296.24176971571546
909,296.24176971571546
910,296.24176971571546
911,296.24176971571546
912,296.24176971571546
913,296.24176971571546
914,296.24176971571546
915,296.24176971571546
916,296.24176971571546
917,296.24176971571546
918,296.24176971571546
919,296.24176971571546
920,296.24176971571546
921,296.24176971571546
922,296.24176971571546
923,296.24176971571546
924,296.24176971571546
925,296.24176971571546
926,296.24176971571546
927,296.24176971571546
928,296.24176971571546
929,296.24176971571546
930,296.24176971571546
931,296.24176971571546
932,296.24176971571546
933,296.24176971571546
934,296.24176971571546
935,296.24176971571546
936,296.24176971571546
937,296.24176971571546
938,296.24176971571546
939,296.24176971571546
940,296.24176971571546
941,296.24176971571546
942,296.24176971571546
943,296.24176971571546
944,296.24176971571546
945,296.24176971571546
946,296.24176971571546
947,296.24176971571546
948,296.24176971571546
949,296.24176971571546
950,296.24176971571546
951,296.24176971571546
952,296.24176971571546
953,296.24176971571546
954,296.24176971571546
955,296.24176971571546
956,296.24176971571546
957,296.24176971571546
958,296.24176971571546
959,296.24176971571546
960,296.24176971571546
961,296.24176971571546
962,296.24176971571546
963,296.24176971571546
964,296.24176971571546
965,296.24176971571546
966,296.24176971571546
967,296.24176971571546
968,296.24176971571546
969,296.24176971571546
970,296.24176971571546
971,296.24176971571546
972,296.24176971571546
973,296.24176971571546
974,296.24176971571546
975,296.24176971571546
976,296.24176971571546
977,296.24176971571546
978,296.24176971571546
979,296.24176971571546
980,296.24176971571546
981,296.24176971571546
982,296.24176971571546
983,296.24176971571546
984,296.24176971571546
985,296.24176971571546
986,296.24176971571546
987,296.24176971571546
988,296.24176971571546
989,296.24176971571546
990,296.24176971571546
991,296.24176971571546
992,296.24176971571546
993,296.24176971571546
994,296.24176971571546
995,296.24176971571546
996,296.24176971571546
997,296.24176971571546
998,296.24176971571546
999,296.24176971571546
1000,296.24176971571546
1001,296.24176971571546
1002,296.24176971571546
1003,296.24176971571546
1004,297.26447151006096
1005,297.26447151006096
1006,297.26447151006096
1007,297.26447151006096
1008,297.26447151006096
1009,297.26447151006096
1010,297.26447151006096
1011,297.26447151006096
1012,297.26447151006096
1013,297.26447151006096
1014,297.26447151006096
1015,297.26447151006096
1016,297.26447151006096
1017,297.26447151006096
1018,297.26447151006096
1019,297.26447151006096
1020,297.26447151006096
1021,297.26447151006096
1022,297.26447151006096
1023,297.26447151006096
1024,297.26447151006096
1025,297.26447151006096
1026,297.26447151006096
1027,297.26447151006096
1028,297.26447151006096
1029,297.26447151006096
1030,297.26447151006096
1031,297.26447151006096
1032,297.26447151006096
1033,297.26447151006096
1034,297.26447151006096
1035,297.26447151006096
1036,297.26447151006096
1037,297.26447151006096
1038,297.26447151006096
1039,297.26447151006096
1040,297.26447151006096
1041,297.26447151006096
1042,297.26447151006096
1043,297.26447151006096
1044,297.26447151006096
1045,297.26447151006096
1046,297.26447151006096
1047,297.26447151006096
1048,297.26447151006096
1049,297.26447151006096
1050,297.26447151006096
1051,297.26447151006096
1052,297.26447151006096
1053,297.26447151006096
1054,297.26447151006096
1055,297.26447151006096
1056,297.26447151006096
1057,297.26447151006096
1058,297.26447151006096
1059,297.26447151006096
1060,297.26447151006096
1061,297.26447151006096
1062,297.26447151006096
1063,297.26447151006096
1064,297.26447151006096
1065,297.26447151006096
1066,297.26447151006096
1067,297.26447151006096
1068,297.26447151006096
1069,297.26447151006096
1070,297.26447151006096
1071,297.26447151006096
1072,297.26447151006096
1073,297.26447151006096
1074,297.26447151006096
1075,297.26447151006096
1076,297.26447151006096
1077,297.26447151006096
1078,297.26447151006096
1079,297.26447151006096
1080,297.26447151006096
1081,297.26447151006096
1082,297.26447151006096
1083,297.26447151006096
1084,297.26447151006096
1085,297.26447151006096
1086,297.26447151006096
1087,297.26447151006096
1088,297.26447151006096
1089,297.26447151006096
1090,297.26447151006096
1091,297.26447151006096
1092,297.26447151006096
1093,297.26447151006096
1094,297.26447151006096
1095,297.26447151006096
1096,297.26447151006096
1097,297.26447151006096
1098,297.26447151006096
1099,297.26447151006096
1100,297.26447151006096
1101,297.26447151006096
1102,297.26447151006096
1103,297.26447151006096
1104,297.26447151006096
1105,297.26447151006096
1106,297.26447151006096
1107,297.26447151006096
1108,297.26447151006096
1109,297.26447151006096
1110,297.26447151006096
1111,297.26447151006096
1112,297.26447151006096
1113,297.26447151006096
1114,297.26447151006096
1115,297.26447151006096
1116,297.26447151006096
1117,297.26447151006096
1118,297.26447151006096
1119,297.26447151006096
1120,297.26447151006096
1121,297.26447151006096
1122,297.26447151006096
1123,297.26447151006096
1124,297.26447151006096
1125,297.26447151006096
1126,297.26447151006096
1127,297.26447151006096
1128,297.26447151006096
1129,297.26447151006096
1130,297.26447151006096
1131,297.26447151006096
1132,297.26447151006096
1133,297.26447151006096
1134,297.26447151006096
1135,297.26447151006096
1136,297.26447151006096
1137,297.26447151006096
1138,297.26447151006096
1139,297.26447151006096
1140,297.26447151006096
1141,297.26447151006096
1142,297.26447151006096
1143,297.26447151006096
1144,297.26447151006096
1145,297.26447151006096
1146,297.26447151006096
1147,297.26447151006096
1148,297.26447151006096
1149,297.26447151006096
1150,297.26447151006096
1151,297.26447151006096
1152,297.26447151006096
1153,297.26447151006096
1154,297.26447151006096
1155,297.26447151006096
1156,297.26447151006096
1157,297.26447151006096
1158,297.26447151006096
1159,297.26447151006096
1160,297.26447151006096
1161,297.26447151006096
1162,297.26447151006096
1163,297.26447151006096
1164,297.26447151006096
1165,297.26447151006096
1166,297.26447151006096
1167,297.26447151006096
1168,297.26447151006096
1169,297.26447151006096
1170,297.26447151006096
1171,297.26447151006096
1172,297.26447151006096
1173,297.26447151006096
1174,297.26447151006096
1175,297.26447151006096
1176,297.26447151006096
1177,297.26447151006096
1178,297.26447151006096
1179,297.26447151006096
1180,297.26447151006096
1181,297.26447151006096
1182,297.26447151006096
1183,297.26447151006096
1184,297.26447151006096
1185,297.26447151006096
1186,297.26447151006096
1187,297.26447151006096
1188,297.26447151006096
1189,297.26447151006096
1190,297.26447151006096
1191,297.26447151006096
1192,297.26447151006096
1193,297.26447151006096
1194,297.26447151006096
1195,297.26447151006096
1196,297.26447151006096
1197,297.26447151006096
1198,297.26447151006096
1199,297.26447151006096
